Nome do Evento;Link de Inscrição;Link da Imagem;Data;Cidade;Distância;Organizador;Preço;Link do Edital
CORRIDA NOSSA SENHORA DAS DORES;https://tiquet.com.br/evento/2025-13-corrida-nossa-senhora-das-dores/;https://yata-apix-b6a73c78-1100-48ad-9374-0a41af79d029.s3-object.locaweb.com.br/a680a7c17dd74f0f8e40167fe1c108ce.png;11 de Janeiro de 2026;Triunfo;5km e 10km (corrida);ONPOINT PRODUÇÕES;"A partir de 60 Anos - Kit Básico — R$ 40,00; PCD - Kit Básico — R$ 40,00; A partir de 60 Anos - Kit Completo — R$ 60,00; PCD - Kit Completo — R$ 60,00; 18 a 29 Anos - Kit Básico — R$ 80,00; 30 a 39 Anos - Kit Básico — R$ 80,00; 40 a 49 Anos - Kit Básico — R$ 80,00; 50 a 59 Anos - Kit Básico — R$ 80,00; 14 a 17 Anos - Kit Básico — R$ 80,00; 18 a 29 Anos - Kit Completo — R$ 120,00; 30 a 39 Anos - Kit Completo — R$ 120,00; 40 a 49 Anos - Kit Completo — R$ 120,00; 50 a 59 Anos - Kit Completo — R$ 120,00; 14 a 17 Anos - Kit Completo — R$ 120,00";edital não encontrado
CORRIDA DE SÃO SEBASTIÃO;https://www.race83.com.br/evento/2026/corrida-de-rua/corrida-de-so-sebastio;https://yata-apix-b6a73c78-1100-48ad-9374-0a41af79d029.s3-object.locaweb.com.br/888217d29fea49cfb81a9a93ee5ccd7d.png;11 de Janeiro de 2026;Pilõezinhos;3km (caminhada), 5km (corrida);;"PÚBLICO GERAL — 5KM — R$ 0,00; PÚBLICO GERAL — CAMINHADA 3KM — R$ 0,00";https://www.race83.com.br/painel/upload/doc/inscricao/doc-07-9d157154080b79ee3e1eb18a7e2706b6.pdf
TR EXPLORE ETAPA BANANEIRAS;https://www.race83.com.br/evento/2026/trail-run/tr-explore-etapa-bananeiras;https://yata-apix-b6a73c78-1100-48ad-9374-0a41af79d029.s3-object.locaweb.com.br/f81407751fe247d1bb4014554db03b08.png;11 de Janeiro de 2026;Bananeiras;400m à 1km (infantil), 3km (caminhada);+SPORTS;"PÚBLICO GERAL — LIGHT TRAIL(Caminhada): 3km — R$ 0,00; PÚBLICO GERAL — FAST TRAIL: 6km-10km — R$ 0,00; PÚBLICO GERAL — ADVENTURE TRAIL: 12km-18km — R$ 0,00; PÚBLICO GERAL — HALF TRAIL: 19km a 27km — R$ 0,00; CORRIDA KIDS — KIDS:400m a 1km — R$ 0,00";https://www.race83.com.br/painel/upload/doc/inscricao/doc-07-8a61261de0eede428dbb4cea7cdec66b.pdf
AGRESTE EXTREMO;https://www.084sports.com.br/evento/agresteextremo;https://yata-apix-b6a73c78-1100-48ad-9374-0a41af79d029.s3-object.locaweb.com.br/28d68afd69184d5780c2f3b2918979d6.png;18 de Janeiro de 2026;Araruna;;AGRESTE EXTREMO;"LIGHT TRAIL — KIT SIMPLES — R$ 90,00; ADVENTURE TRAIL — KIT SIMPLES — R$ 90,00; ADVENTURE TRAIL — SEGURANÇA PÚBLICA FEMININA KIT SIMPLES — R$ 90,00; ADVENTURE TRAIL — PCD KIT COMPLETO — R$ 95,00; HALF TRAIL — KIT SIMPLES — R$ 100,00; HALF TRAIL — SEGURANÇA PÚBLICA MASCULINO KIT SIMPLES — R$ 100,00; LIGHT TRAIL — GERAL KIT COMPLETO — R$ 140,00; ADVENTURE TRAIL — GERAL KIT COMPLETO — R$ 140,00; ADVENTURE TRAIL — SEGURANÇA PÚBLICA FEMININA KIT COMPLETO — R$ 140,00; HALF TRAIL — GERAL KIT COMPLETO — R$ 160,00; HALF TRAIL — SEGURANÇA PÚBLICA MASCULINO KIT COMPLETO — R$ 160,00";edital não encontrado
CIRCUITO DE CORRIDA ZONA SUL ETAPA VALENTINA;https://zeniteesportes.com/circuitozonasulvalentina;https://yata-apix-b6a73c78-1100-48ad-9374-0a41af79d029.s3-object.locaweb.com.br/22cd922b75014d3daed3146cfccebcf7.png;18 de Janeiro de 2026;João Pessoa;5km (corrida);TOP LINE SPORTS;R$ 82,00;https://zeniteesportes.com/storage/download/REGULAMENTO OFICIAL CIRCUITO DE CORRIDA ZONA SUL.pdf
CORRIDA LUZ;https://www.race83.com.br/evento/2026/corrida-de-rua/corrida-luz-2026;https://yata-apix-b6a73c78-1100-48ad-9374-0a41af79d029.s3-object.locaweb.com.br/c016ab2f0c1a4f9a978b26c450a3d916.png;25 de Janeiro de 2026;Guarabira;5km (corrida);PARÓQUIA DE NOSSA SENHORA DA LUZ;"PÚBLICO GERAL — 5KM — R$ 90,00; LOCAL (VIDE REGULAMENTO) — 5km — R$ 90,00";https://www.race83.com.br/painel/upload/doc/inscricao/doc-07-60a1d76041c4a3e41b6670a1b3b6bbc8.pdf
1ª CORRIDA PAPA-LÉGUAS;https://www.timecrono.com.br/evento/1647/1-corrida-papa-leguas-pb;https://yata-apix-b6a73c78-1100-48ad-9374-0a41af79d029.s3-object.locaweb.com.br/2dbab91448384b54bf6c9ce2e5709f7e.png;08 de Fevereiro de 2026;Caaporã;3km (caminhada), 7km (corrida);;"7 KM - GERAL - (PÚBLICO GERAL) — CORRIDA — R$ 70,00; 7 KM - LOCAL - (RESIDENTE DE CAAPORÃ) — CORRIDA — R$ 70,00; 7 KM - PCD - (NÃO CADEIRANTE) — CORRIDA — R$ 70,00; 7 KM - PCD - (CADEIRANTE) — CORRIDA — R$ 70,00; 3 KM - GERAL - (PÚBLICO GERAL) — CAMINHADA — R$ 70,00";edital não encontrado
RAROS RUN;https://www.race83.com.br/evento/5022/raros-run-2025;https://yata-apix-b6a73c78-1100-48ad-9374-0a41af79d029.s3-object.locaweb.com.br/8ef26f30cb024a48840b6ecbc36fce61.png;01 de Março de 2026;João Pessoa;3km (caminhada), 5km e 10km (corrida);PACE4 l TRCRONO;"5KM — PCD NÃO CADEIRANTE — R$ 64,95; 10KM — PCD CADEIRANTE — R$ 64,95; 10KM — PCD NÃO CADEIRANTE — R$ 64,95; 5KM — PÚBLICO GERAL — R$ 99,90; 5KM — PCD CADEIRANTE — R$ 99,90; 10KM — PÚBLICO GERAL — R$ 99,90; FAMILY RUN (KIDS) ATÉ 12 ANOS — R$ 99,90; CAMINHADA 3KM — PÚBLICO GERAL — R$ 99,90; CAMINHADA 3KM — PCD CADEIRANTE — R$ 99,90; CAMINHADA 3KM — PCD NÃO CADEIRANTE — R$ 99,90";edital não encontrado
VIBE RUN BEACH;https://www.race83.com.br/evento/2026/corrida-de-rua/vibe-run-beach-2026;https://yata-apix-b6a73c78-1100-48ad-9374-0a41af79d029.s3-object.locaweb.com.br/8d084cd56400493e814f63dd6796b2f9.png;18 de Janeiro de 2026;Pitimbú;3km (caminhada), 5km e 10km (corrida);;"GERAL — 3KM - KIT PARTICIPAÇÃO - SEM CAMISA — R$ 59,90; GERAL — 5KM - KIT PARTICIPAÇÃO - SEM CAMISA — R$ 59,90; GERAL — 10KM - KIT PARTICIPAÇÃO - SEM CAMISA — R$ 59,90; LOCAL (VIDE ART. 38 DO REGULAMENTO) — 3KM - KIT PARTICIPAÇÃO - SEM CAMISA — R$ 59,90; LOCAL (VIDE ART. 38 DO REGULAMENTO) — 5KM - KIT PARTICIPAÇÃO - SEM CAMISA — R$ 59,90; LOCAL (VIDE ART. 38 DO REGULAMENTO) — 10KM - KIT PARTICIPAÇÃO - SEM CAMISA — R$ 59,90; PCD — 3KM - KIT PARTICIPAÇÃO - SEM CAMISA — R$ 59,90; PCD — 5KM - KIT PARTICIPAÇÃO - SEM CAMISA — R$ 59,90; PCD — 10KM - KIT PARTICIPAÇÃO - SEM CAMISA — R$ 59,90";https://www.race83.com.br/painel/upload/doc/inscricao/doc-07-06b6ff00b6d40ac511972d3fae361ba2.pdf
CORRIDA DE ANIVERSÁRIO LYRUN ASSESSORIA;https://www.sympla.com.br/evento/corrida-de-aniversario-lyrun-assessoria/3138338;https://yata-apix-b6a73c78-1100-48ad-9374-0a41af79d029.s3-object.locaweb.com.br/1d00e09079e54a0180fa7ec83320a4ec.png;11 de Janeiro de 2026;João Pessoa;5km e 8km (corrida);LYRUN ASSESSORIA;"Participação — R$ 37,00 (+3,70 taxa); Inscrição sem camisa — R$ 50,00 (+5,00 taxa); Inscrição Com camisa — R$ 79,90 (+7,99 taxa)";edital não encontrado
ULTRAMARATONA PEIXE-BOI;https://www.race83.com.br/evento/4168/ultramaratona-peixe-boi-2026;https://yata-apix-b6a73c78-1100-48ad-9374-0a41af79d029.s3-object.locaweb.com.br/31360345651b42aaa6373002c9a20bf0.png;07 de Março de 2026;Lucena;;PACE4;"50KM — SOLO — R$ 149,00; 25KM — SOLO — R$ 149,00; 50KM — DUPLA MASCULINO — R$ 220,00; 50KM — DUPLA FEMININO — R$ 220,00; 50KM — DUPLA MISTA — R$ 220,00; 25KM — DUPLA MASCULINO — R$ 220,00; 25KM — DUPLA FEMININO — R$ 220,00; 25KM — DUPLA MISTA — R$ 220,00; 25KM — QUINTETO FEMININO — R$ 500,00; 25KM — QUINTETO MISTO — R$ 500,00; 25KM — QUINTETO MASCULINO — R$ 500,00";https://www.race83.com.br/painel/upload/doc/inscricao/doc-07-8d34054446ba007527e7652591203adf.pdf
5ª CORRIDA DO REI;https://zeniteesportes.com/corridadorei;https://yata-apix-b6a73c78-1100-48ad-9374-0a41af79d029.s3-object.locaweb.com.br/6c346d2a95054185a9494e8e8437f392.png;12 de Abril de 2026;Solânea;5km e 10km (corrida);REI SPORTS;R$ 89,90;https://zeniteesportes.com/storage/download/V2 - - Regulamento Corrida do Rei 2026.pdf
2ª CORRIDA VIGOR RUN;https://www.timecrono.com.br/evento/5883/2-corrida-vigor-run;https://yata-apix-b6a73c78-1100-48ad-9374-0a41af79d029.s3-object.locaweb.com.br/335ad25e087a48ea861d8d2d8624e665.png;12 de Abril de 2026;Caaporã;5km e 8km (corrida);FÁBIO SANTOS;"R$ 69,99; CORRIDA - 8 KM - (PÚBLICO GERAL) — ATLETA DE OUTRO MUNICÍPIO — R$ 79,99; CORRIDA - 8 KM - (RESIDENTE DE CAAPORÃ) — ATLETA LOCAL — R$ 79,99; CORRIDA - 5 KM - (PÚBLICO GERAL) — ATLETA DE OUTRO MUNICÍPIO — R$ 79,99; CORRIDA - 5 KM (RESIDENTE DE CAAPORÃ) — ATLETA LOCAL — R$ 79,99; CORRIDA - 8 KM - (ALUNO VIGOR) — ATLETA DO STUDIO VIGOR — R$ 79,99; CORRIDA - 5 KM - (ALUNO VIGOR) — ATLETA DO STUDIO VIGOR — R$ 79,99; 8 KM - PCD - CADEIRANTE — PCD - CADEIRANTE — R$ 79,99; 8 KM - PCD - NÃO CADEIRANTE — PCD - NÃO CADEIRANTE — R$ 79,99; 5 KM - PCD - CADEIRANTE — PCD - CADEIRANTE — R$ 79,99; 5 KM - PCD - NÃO CADEIRANTE — PCD - NÃO CADEIRANTE — R$ 79,99; R$ 89,99";edital não encontrado
4ª MARATONA DE JOÃO PESSOA;https://www.ticketsports.com.br/e/maratona-de-joao-pessoa-2026-73080;https://yata-apix-b6a73c78-1100-48ad-9374-0a41af79d029.s3-object.locaweb.com.br/ae3d3015e351491881e7dd0bc9c2089e.png;19 de Abril de 2026;João Pessoa;5km, 10km, 21km e 42km (corrida);ZENITE ESPORTES;preço não encontrado;edital não encontrado
6ª CORRIDA DO TRABALHADOR;https://correparaiba.com.br/6-edicao-da-corrida-do-trabalhador;https://yata-apix-b6a73c78-1100-48ad-9374-0a41af79d029.s3-object.locaweb.com.br/c26b3484c61e49279db49bba68e3810a.png;01 de Maio de 2026;Patos;1km (infantil), 5km e 10km (corrida);ALAN JONH;"CATEGORIA 10 KM GERAL FEMININO — R$ 90,00; CATEGORIA 10 KM GERAL MASCULINO — R$ 90,00; CATEGORIA 10 KM LOCAL FEMININO — R$ 90,00; CATEGORIA 10 KM LOCAL MASCULINO — R$ 90,00; CATEGORIA 5 KM GERAL FEMININO — R$ 90,00; CATEGORIA 5 KM GERAL MASCULINO — R$ 90,00; CATEGORIA 5 KM LOCAL FEMININO — R$ 90,00; CATEGORIA 5 KM LOCAL MASCULINO — R$ 90,00";edital não encontrado
21K DO CONDE ROTA DOS MIRANTES;https://www.race83.com.br/evento/2026/trail-run/21k-do-conde-rota-dos-mirantes-2026;https://yata-apix-b6a73c78-1100-48ad-9374-0a41af79d029.s3-object.locaweb.com.br/7f7a2ccfd33f4cb498696eeb3b541707.png;26 de Abril de 2026;Conde;;MOVE SPORTS;"PÚBLICO GERAL — 7KM — R$ 126,90; PÚBLICO GERAL — 12KM — R$ 126,90; PÚBLICO GERAL — 21KM — R$ 138,90";https://www.race83.com.br/painel/upload/doc/inscricao/doc-07-df4f691adcf477750fb8c86b84a109f3.pdf
NIGHT RUN FEVER;https://www.nightrun.com.br/joao-pessoa/unica;https://yata-apix-b6a73c78-1100-48ad-9374-0a41af79d029.s3-object.locaweb.com.br/500ff9cd65534d2aa4def30e371303ad.png;16 de Maio de 2026;João Pessoa;5km e 10km (corrida);ALÇANDO VOOS l TTK MKT ESPORTIVO;preço não encontrado;edital não encontrado
MEIA MARATONA DE PATOS;https://www.ticketsports.com.br/e/meia-maratona-de-patos-2025-71727;https://yata-apix-b6a73c78-1100-48ad-9374-0a41af79d029.s3-object.locaweb.com.br/193a43b4a44e4767bc779b1367f19fce.png;17 de Maio de 2026;Patos;5km, 10km e 21km (corrida);RUN;"R$ 10,00; R$ 40,00; R$ 50,00";edital não encontrado
CANGAÇO TRIATHLON;https://www.race83.com.br/evento/5360/angao-triathlon-2026;https://yata-apix-b6a73c78-1100-48ad-9374-0a41af79d029.s3-object.locaweb.com.br/628e21903f8846168b2fc682f44fa6f4.png;03 de Maio de 2026;João Pessoa;5km e 10km (corrida);TRCRONO EVENTOS ESPORTIVOS;"Corrida 5km — GERAL CORRIDA 5KM — R$ 179,90; Corrida 10km — GERAL CORRIDA 10KM — R$ 179,90; Aquathlon: Corrida 2500m + Natação 750m + Corrida 2500m — PÚBLICO GERAL — R$ 309,90; Super Sprint (Mini Sprint): Natação 375m + Ciclismo 10km + Corrida 2,5km — PÚBLICO GERAL — R$ 399,90; Sprint: Natação 750m + Ciclismo 20km + Corrida 5km — PÚBLICO GERAL — R$ 449,90; Standard (Olímpico): Natação 1500m + Ciclismo 40km + Corrida 10km — PÚBLICO GERAL — R$ 489,90";https://www.race83.com.br/painel/upload/doc/inscricao/doc-07-02b6344bd743441f85d73f4d193fb375.pdf
6ª MARATONA INTERNACIONAL DE JOÃO PESSOA;https://www.race83.com.br/evento/4160/6-maratona-internacional-de-joao-pessoa-2026;https://yata-apix-b6a73c78-1100-48ad-9374-0a41af79d029.s3-object.locaweb.com.br/66f22b1472714bb08c69b12b42e696da.png;02 de Agosto de 2026;João Pessoa;5km, 10km, 21km e 42km (corrida);PREFEITURA MUNICIPAL l TRCRONO EVENTOS ESPORTIVOS;preço não encontrado;edital não encontrado
LIVE! RUN XP;https://www.liverun.com.br/etapa/live-run-campina-grande-2026;https://yata-apix-b6a73c78-1100-48ad-9374-0a41af79d029.s3-object.locaweb.com.br/80e00bbce7f34e22a1a62a9d6320244c.png;29 de Março de 2026;Campina Grande;50m à 400m (infantil), 5km e 10km (corrida);LIVE!;"R$ 70,00; R$ 119,90; R$ 159,90; R$ 169,90; R$ 179,90";edital não encontrado
CIRCUITO DAS ESTAÇÕES OUTONO;https://www.circuitodasestacoes.com.br/joao-pessoa/outono;https://yata-apix-b6a73c78-1100-48ad-9374-0a41af79d029.s3-object.locaweb.com.br/78c175c535d944e5a9d9e466365f4447.png;29 de Março de 2026;João Pessoa;5km e 10km (corrida);TTK MKT ESPORTIVO;preço não encontrado;edital não encontrado
CIRCUITO DAS ESTAÇÕES PRIMAVERA;https://www.circuitodasestacoes.com.br/joao-pessoa/primavera;https://yata-apix-b6a73c78-1100-48ad-9374-0a41af79d029.s3-object.locaweb.com.br/dc746cf60bcb4bd985cc450a7105f22c.png;27 de Setembro de 2026;João Pessoa;5km e 10km (corrida);TTK MKT ESPORTIVO;R$ 119,90;edital não encontrado
LIVE! RUN XP;https://www.liverun.com.br/calendario;https://yata-apix-b6a73c78-1100-48ad-9374-0a41af79d029.s3-object.locaweb.com.br/80e00bbce7f34e22a1a62a9d6320244c.png;31 de Maio de 2026;João Pessoa;50m à 400m (infantil), 5km e 10km (corrida);LIVE!;preço não encontrado;edital não encontrado
CIRCUITO DAS ESTAÇÕES INVERNO;https://www.circuitodasestacoes.com.br/joao-pessoa/inverno;https://yata-apix-b6a73c78-1100-48ad-9374-0a41af79d029.s3-object.locaweb.com.br/36d7a57cb8f54180ad4d08e14bdd32e4.png;07 de Junho de 2026;João Pessoa;5km e 10km (corrida);TTK MKT ESPORTIVO;preço não encontrado;edital não encontrado
CIRCUITO DAS ESTAÇÕES VERÃO;https://www.circuitodasestacoes.com.br/joao-pessoa/verao;https://yata-apix-b6a73c78-1100-48ad-9374-0a41af79d029.s3-object.locaweb.com.br/3346fa92adc94266b13a6ea7721cff27.png;13 de Dezembro de 2026;João Pessoa;5km e 10km (corrida);TTK MKT ESPORTIVO;R$ 119,90;edital não encontrado
